{
  "project_info": {
    "project_number": "955521992275",
    "firebase_url": "https://beehivecare-d9603-default-rtdb.europe-west1.firebasedatabase.app",
    "project_id": "beehivecare-d9603",
    "storage_bucket": "beehivecare-d9603.appspot.com"
  },
  "client": [
    {
      "client_info": {
        "mobilesdk_app_id": "1:955521992275:android:bc9c4ae21a4bab2c69a8a6",
        "android_client_info": {
          "package_name": "com.example.beehivecarecontactinput"
        }
      },
      "oauth_client": [],
      "api_key": [
        {
          "current_key": "AIzaSyC3IKz0zsHvTcQivprqWjbG5VTdUuHSNKE"
        }
      ],
      "services": {
        "appinvite_service": {
          "other_platform_oauth_client": []
        }
      }
    },
    {
      "client_info": {
        "mobilesdk_app_id": "1:955521992275:android:df2bfcdfd5de3f2d69a8a6",
        "android_client_info": {
          "package_name": "com.example.beehivecareproject"
        }
      },
      "oauth_client": [],
      "api_key": [
        {
          "current_key": "AIzaSyC3IKz0zsHvTcQivprqWjbG5VTdUuHSNKE"
        }
      ],
      "services": {
        "appinvite_service": {
          "other_platform_oauth_client": []
        }
      }
    }
  ],
  "configuration_version": "1"
}